tick,time,code,action,bus,servicer_id,service_index,request_type,request_id,target_request_id,request_status,request_response,sequence,<values>
439,0.439,C,submit,flap_bus1,flap_controller2,0,RequestService,flap_controller2#1,,UNBOUND
439,0.439,C,submit,flap_controller2_bus,flap_split1,0,RequestService,flap_split1#2,,UNBOUND
439,0.439,D,respond,flap_controller2_bus,flap_split1,0,RequestService,flap_split1#2,,,ACCEPTED_SERVICING
439,0.439,C,submit,flap_controller2_bus,flap_split3,0,RequestService,flap_split3#3,,UNBOUND
439,0.439,D,respond,flap_controller2_bus,flap_split3,0,RequestService,flap_split3#3,,,ACCEPTED_SERVICING
439,0.439,D,respond,flap_bus1,flap_controller2,0,RequestService,flap_controller2#1,,,ACCEPTED_SERVICING
439,0.439,B,notify,flap_controller2_bus,flap_split3,1,RequestService,flap_split3#3,,SERVICE,
439,0.439,B,service,flap_controller2_bus,flap_split3,1,RequestService,flap_split3#3,,SERVICE,,0,_valueCurrent=,0.0,valueTarget=,37.5,_speedCurrent=,0.15,speedChange=ACCELERATING,_isTerminating=false,isArrived=false
439,0.439,B,notify,flap_controller2_bus,flap_split1,1,RequestService,flap_split1#2,,SERVICE,
439,0.439,B,service,flap_controller2_bus,flap_split1,1,RequestService,flap_split1#2,,SERVICE,,1,_valueCurrent=,0.0,valueTarget=,37.5,_speedCurrent=,0.15,speedChange=ACCELERATING,_isTerminating=false,isArrived=false
439,0.439,B,notify,flap_bus1,flap_controller2,1,RequestService,flap_controller2#1,,SERVICE,
440,0.440,B,notify,flap_controller2_bus,flap_split3,2,RequestService,flap_split3#3,,SERVICE,
440,0.440,B,service,flap_controller2_bus,flap_split3,2,RequestService,flap_split3#3,,SERVICE,,2,_valueCurrent=,0.15,valueTarget=,37.5,_speedCurrent=,0.3,speedChange=ACCELERATING,_isTerminating=false,isArrived=false
440,0.440,B,notify,flap_controller2_bus,flap_split1,2,RequestService,flap_split1#2,,SERVICE,
440,0.440,B,service,flap_controller2_bus,flap_split1,2,RequestService,flap_split1#2,,SERVICE,,3,_valueCurrent=,0.15,valueTarget=,37.5,_speedCurrent=,0.3,speedChange=ACCELERATING,_isTerminating=false,isArrived=false
440,0.440,B,notify,flap_bus1,flap_controller2,2,RequestService,flap_controller2#1,,SERVICE,
441,0.441,B,notify,flap_controller2_bus,flap_split3,3,RequestService,flap_split3#3,,SERVICE,
441,0.441,B,service,flap_controller2_bus,flap_split3,3,RequestService,flap_split3#3,,SERVICE,,4,_valueCurrent=,0.44999999999999996,valueTarget=,37.5,_speedCurrent=,0.44999999999999996,speedChange=ACCELERATING,_isTerminating=false,isArrived=false
441,0.441,B,notify,flap_controller2_bus,flap_split1,3,RequestService,flap_split1#2,,SERVICE,
441,0.441,B,service,flap_controller2_bus,flap_split1,3,RequestService,flap_split1#2,,SERVICE,,5,_valueCurrent=,0.44999999999999996,valueTarget=,37.5,_speedCurrent=,0.44999999999999996,speedChange=ACCELERATING,_isTerminating=false,isArrived=false
441,0.441,B,notify,flap_bus1,flap_controller2,3,RequestService,flap_controller2#1,,SERVICE,
442,0.442,B,notify,flap_controller2_bus,flap_split3,4,RequestService,flap_split3#3,,SERVICE,
442,0.442,B,service,flap_controller2_bus,flap_split3,4,RequestService,flap_split3#3,,SERVICE,,6,_valueCurrent=,0.8999999999999999,valueTarget=,37.5,_speedCurrent=,0.6,speedChange=ACCELERATING,_isTerminating=false,isArrived=false
442,0.442,B,notify,flap_controller2_bus,flap_split1,4,RequestService,flap_split1#2,,SERVICE,
442,0.442,B,service,flap_controller2_bus,flap_split1,4,RequestService,flap_split1#2,,SERVICE,,7,_valueCurrent=,0.8999999999999999,valueTarget=,37.5,_speedCurrent=,0.6,speedChange=ACCELERATING,_isTerminating=false,isArrived=false
442,0.442,B,notify,flap_bus1,flap_controller2,4,RequestService,flap_controller2#1,,SERVICE,
443,0.443,B,notify,flap_controller2_bus,flap_split3,5,RequestService,flap_split3#3,,SERVICE,
443,0.443,B,service,flap_controller2_bus,flap_split3,5,RequestService,flap_split3#3,,SERVICE,,8,_valueCurrent=,1.5,valueTarget=,37.5,_speedCurrent=,0.75,speedChange=ACCELERATING,_isTerminating=false,isArrived=false
443,0.443,B,notify,flap_controller2_bus,flap_split1,5,RequestService,flap_split1#2,,SERVICE,
443,0.443,B,service,flap_controller2_bus,flap_split1,5,RequestService,flap_split1#2,,SERVICE,,9,_valueCurrent=,1.5,valueTarget=,37.5,_speedCurrent=,0.75,speedChange=ACCELERATING,_isTerminating=false,isArrived=false
443,0.443,B,notify,flap_bus1,flap_controller2,5,RequestService,flap_controller2#1,,SERVICE,
444,0.444,B,notify,flap_controller2_bus,flap_split3,6,RequestService,flap_split3#3,,SERVICE,
444,0.444,B,service,flap_controller2_bus,flap_split3,6,RequestService,flap_split3#3,,SERVICE,,10,_valueCurrent=,2.25,valueTarget=,37.5,_speedCurrent=,0.9,speedChange=ACCELERATING,_isTerminating=false,isArrived=false
444,0.444,B,notify,flap_controller2_bus,flap_split1,6,RequestService,flap_split1#2,,SERVICE,
444,0.444,B,service,flap_controller2_bus,flap_split1,6,RequestService,flap_split1#2,,SERVICE,,11,_valueCurrent=,2.25,valueTarget=,37.5,_speedCurrent=,0.9,speedChange=ACCELERATING,_isTerminating=false,isArrived=false
444,0.444,B,notify,flap_bus1,flap_controller2,6,RequestService,flap_controller2#1,,SERVICE,
445,0.445,B,notify,flap_controller2_bus,flap_split3,7,RequestService,flap_split3#3,,SERVICE,
445,0.445,B,service,flap_controller2_bus,flap_split3,7,RequestService,flap_split3#3,,SERVICE,,12,_valueCurrent=,3.15,valueTarget=,37.5,_speedCurrent=,1.05,speedChange=ACCELERATING,_isTerminating=false,isArrived=false
445,0.445,B,notify,flap_controller2_bus,flap_split1,7,RequestService,flap_split1#2,,SERVICE,
445,0.445,B,service,flap_controller2_bus,flap_split1,7,RequestService,flap_split1#2,,SERVICE,,13,_valueCurrent=,3.15,valueTarget=,37.5,_speedCurrent=,1.05,speedChange=ACCELERATING,_isTerminating=false,isArrived=false
445,0.445,B,notify,flap_bus1,flap_controller2,7,RequestService,flap_controller2#1,,SERVICE,
446,0.446,B,notify,flap_controller2_bus,flap_split3,8,RequestService,flap_split3#3,,SERVICE,
446,0.446,B,service,flap_controller2_bus,flap_split3,8,RequestService,flap_split3#3,,SERVICE,,14,_valueCurrent=,4.2,valueTarget=,37.5,_speedCurrent=,1.2,speedChange=ACCELERATING,_isTerminating=false,isArrived=false
446,0.446,B,notify,flap_controller2_bus,flap_split1,8,RequestService,flap_split1#2,,SERVICE,
446,0.446,B,service,flap_controller2_bus,flap_split1,8,RequestService,flap_split1#2,,SERVICE,,15,_valueCurrent=,4.2,valueTarget=,37.5,_speedCurrent=,1.2,speedChange=ACCELERATING,_isTerminating=false,isArrived=false
446,0.446,B,notify,flap_bus1,flap_controller2,8,RequestService,flap_controller2#1,,SERVICE,
447,0.447,B,notify,flap_controller2_bus,flap_split3,9,RequestService,flap_split3#3,,SERVICE,
447,0.447,B,service,flap_controller2_bus,flap_split3,9,RequestService,flap_split3#3,,SERVICE,,16,_valueCurrent=,5.4,valueTarget=,37.5,_speedCurrent=,1.3499999999999999,speedChange=ACCELERATING,_isTerminating=false,isArrived=false
447,0.447,B,notify,flap_controller2_bus,flap_split1,9,RequestService,flap_split1#2,,SERVICE,
447,0.447,B,service,flap_controller2_bus,flap_split1,9,RequestService,flap_split1#2,,SERVICE,,17,_valueCurrent=,5.4,valueTarget=,37.5,_speedCurrent=,1.3499999999999999,speedChange=ACCELERATING,_isTerminating=false,isArrived=false
447,0.447,B,notify,flap_bus1,flap_controller2,9,RequestService,flap_controller2#1,,SERVICE,
448,0.448,B,notify,flap_controller2_bus,flap_split3,10,RequestService,flap_split3#3,,SERVICE,
448,0.448,B,service,flap_controller2_bus,flap_split3,10,RequestService,flap_split3#3,,SERVICE,,18,_valueCurrent=,6.75,valueTarget=,37.5,_speedCurrent=,1.4999999999999998,speedChange=ACCELERATING,_isTerminating=false,isArrived=false
448,0.448,B,notify,flap_controller2_bus,flap_split1,10,RequestService,flap_split1#2,,SERVICE,
448,0.448,B,service,flap_controller2_bus,flap_split1,10,RequestService,flap_split1#2,,SERVICE,,19,_valueCurrent=,6.75,valueTarget=,37.5,_speedCurrent=,1.4999999999999998,speedChange=ACCELERATING,_isTerminating=false,isArrived=false
448,0.448,B,notify,flap_bus1,flap_controller2,10,RequestService,flap_controller2#1,,SERVICE,
449,0.449,B,notify,flap_controller2_bus,flap_split3,11,RequestService,flap_split3#3,,SERVICE,
449,0.449,B,service,flap_controller2_bus,flap_split3,11,RequestService,flap_split3#3,,SERVICE,,20,_valueCurrent=,8.25,valueTarget=,37.5,_speedCurrent=,1.6499999999999997,speedChange=ACCELERATING,_isTerminating=false,isArrived=false
449,0.449,B,notify,flap_controller2_bus,flap_split1,11,RequestService,flap_split1#2,,SERVICE,
449,0.449,B,service,flap_controller2_bus,flap_split1,11,RequestService,flap_split1#2,,SERVICE,,21,_valueCurrent=,8.25,valueTarget=,37.5,_speedCurrent=,1.6499999999999997,speedChange=ACCELERATING,_isTerminating=false,isArrived=false
449,0.449,B,notify,flap_bus1,flap_controller2,11,RequestService,flap_controller2#1,,SERVICE,
450,0.450,B,notify,flap_controller2_bus,flap_split3,12,RequestService,flap_split3#3,,SERVICE,
450,0.450,B,service,flap_controller2_bus,flap_split3,12,RequestService,flap_split3#3,,SERVICE,,22,_valueCurrent=,9.9,valueTarget=,37.5,_speedCurrent=,1.6499999999999997,speedChange=NONE,_isTerminating=false,isArrived=false
450,0.450,B,notify,flap_controller2_bus,flap_split1,12,RequestService,flap_split1#2,,SERVICE,
450,0.450,B,service,flap_controller2_bus,flap_split1,12,RequestService,flap_split1#2,,SERVICE,,23,_valueCurrent=,9.9,valueTarget=,37.5,_speedCurrent=,1.6499999999999997,speedChange=NONE,_isTerminating=false,isArrived=false
450,0.450,B,notify,flap_bus1,flap_controller2,12,RequestService,flap_controller2#1,,SERVICE,
451,0.451,B,notify,flap_controller2_bus,flap_split3,13,RequestService,flap_split3#3,,SERVICE,
451,0.451,B,service,flap_controller2_bus,flap_split3,13,RequestService,flap_split3#3,,SERVICE,,24,_valueCurrent=,11.55,valueTarget=,37.5,_speedCurrent=,1.6499999999999997,speedChange=NONE,_isTerminating=false,isArrived=false
451,0.451,B,notify,flap_controller2_bus,flap_split1,13,RequestService,flap_split1#2,,SERVICE,
451,0.451,B,service,flap_controller2_bus,flap_split1,13,RequestService,flap_split1#2,,SERVICE,,25,_valueCurrent=,11.55,valueTarget=,37.5,_speedCurrent=,1.6499999999999997,speedChange=NONE,_isTerminating=false,isArrived=false
451,0.451,B,notify,flap_bus1,flap_controller2,13,RequestService,flap_controller2#1,,SERVICE,
452,0.452,B,notify,flap_controller2_bus,flap_split3,14,RequestService,flap_split3#3,,SERVICE,
452,0.452,B,service,flap_controller2_bus,flap_split3,14,RequestService,flap_split3#3,,SERVICE,,26,_valueCurrent=,13.200000000000001,valueTarget=,37.5,_speedCurrent=,1.6499999999999997,speedChange=NONE,_isTerminating=false,isArrived=false
452,0.452,B,notify,flap_controller2_bus,flap_split1,14,RequestService,flap_split1#2,,SERVICE,
452,0.452,B,service,flap_controller2_bus,flap_split1,14,RequestService,flap_split1#2,,SERVICE,,27,_valueCurrent=,13.200000000000001,valueTarget=,37.5,_speedCurrent=,1.6499999999999997,speedChange=NONE,_isTerminating=false,isArrived=false
452,0.452,B,notify,flap_bus1,flap_controller2,14,RequestService,flap_controller2#1,,SERVICE,
453,0.453,B,notify,flap_controller2_bus,flap_split3,15,RequestService,flap_split3#3,,SERVICE,
453,0.453,B,service,flap_controller2_bus,flap_split3,15,RequestService,flap_split3#3,,SERVICE,,28,_valueCurrent=,14.850000000000001,valueTarget=,37.5,_speedCurrent=,1.6499999999999997,speedChange=NONE,_isTerminating=false,isArrived=false
453,0.453,B,notify,flap_controller2_bus,flap_split1,15,RequestService,flap_split1#2,,SERVICE,
453,0.453,B,service,flap_controller2_bus,flap_split1,15,RequestService,flap_split1#2,,SERVICE,,29,_valueCurrent=,14.850000000000001,valueTarget=,37.5,_speedCurrent=,1.6499999999999997,speedChange=NONE,_isTerminating=false,isArrived=false
453,0.453,B,notify,flap_bus1,flap_controller2,15,RequestService,flap_controller2#1,,SERVICE,
454,0.454,B,notify,flap_controller2_bus,flap_split3,16,RequestService,flap_split3#3,,SERVICE,
454,0.454,B,service,flap_controller2_bus,flap_split3,16,RequestService,flap_split3#3,,SERVICE,,30,_valueCurrent=,16.5,valueTarget=,37.5,_speedCurrent=,1.6499999999999997,speedChange=NONE,_isTerminating=false,isArrived=false
454,0.454,B,notify,flap_controller2_bus,flap_split1,16,RequestService,flap_split1#2,,SERVICE,
454,0.454,B,service,flap_controller2_bus,flap_split1,16,RequestService,flap_split1#2,,SERVICE,,31,_valueCurrent=,16.5,valueTarget=,37.5,_speedCurrent=,1.6499999999999997,speedChange=NONE,_isTerminating=false,isArrived=false
454,0.454,B,notify,flap_bus1,flap_controller2,16,RequestService,flap_controller2#1,,SERVICE,
455,0.455,B,notify,flap_controller2_bus,flap_split3,17,RequestService,flap_split3#3,,SERVICE,
455,0.455,B,service,flap_controller2_bus,flap_split3,17,RequestService,flap_split3#3,,SERVICE,,32,_valueCurrent=,18.15,valueTarget=,37.5,_speedCurrent=,1.6499999999999997,speedChange=NONE,_isTerminating=false,isArrived=false
455,0.455,B,notify,flap_controller2_bus,flap_split1,17,RequestService,flap_split1#2,,SERVICE,
455,0.455,B,service,flap_controller2_bus,flap_split1,17,RequestService,flap_split1#2,,SERVICE,,33,_valueCurrent=,18.15,valueTarget=,37.5,_speedCurrent=,1.6499999999999997,speedChange=NONE,_isTerminating=false,isArrived=false
455,0.455,B,notify,flap_bus1,flap_controller2,17,RequestService,flap_controller2#1,,SERVICE,
456,0.456,B,notify,flap_controller2_bus,flap_split3,18,RequestService,flap_split3#3,,SERVICE,
456,0.456,B,service,flap_controller2_bus,flap_split3,18,RequestService,flap_split3#3,,SERVICE,,34,_valueCurrent=,19.799999999999997,valueTarget=,37.5,_speedCurrent=,1.6499999999999997,speedChange=NONE,_isTerminating=false,isArrived=false
456,0.456,B,notify,flap_controller2_bus,flap_split1,18,RequestService,flap_split1#2,,SERVICE,
456,0.456,B,service,flap_controller2_bus,flap_split1,18,RequestService,flap_split1#2,,SERVICE,,35,_valueCurrent=,19.799999999999997,valueTarget=,37.5,_speedCurrent=,1.6499999999999997,speedChange=NONE,_isTerminating=false,isArrived=false
456,0.456,B,notify,flap_bus1,flap_controller2,18,RequestService,flap_controller2#1,,SERVICE,
457,0.457,B,notify,flap_controller2_bus,flap_split3,19,RequestService,flap_split3#3,,SERVICE,
457,0.457,B,service,flap_controller2_bus,flap_split3,19,RequestService,flap_split3#3,,SERVICE,,36,_valueCurrent=,21.449999999999996,valueTarget=,37.5,_speedCurrent=,1.6499999999999997,speedChange=NONE,_isTerminating=false,isArrived=false
457,0.457,B,notify,flap_controller2_bus,flap_split1,19,RequestService,flap_split1#2,,SERVICE,
457,0.457,B,service,flap_controller2_bus,flap_split1,19,RequestService,flap_split1#2,,SERVICE,,37,_valueCurrent=,21.449999999999996,valueTarget=,37.5,_speedCurrent=,1.6499999999999997,speedChange=NONE,_isTerminating=false,isArrived=false
457,0.457,B,notify,flap_bus1,flap_controller2,19,RequestService,flap_controller2#1,,SERVICE,
458,0.458,B,notify,flap_controller2_bus,flap_split3,20,RequestService,flap_split3#3,,SERVICE,
458,0.458,B,service,flap_controller2_bus,flap_split3,20,RequestService,flap_split3#3,,SERVICE,,38,_valueCurrent=,23.099999999999994,valueTarget=,37.5,_speedCurrent=,1.6499999999999997,speedChange=NONE,_isTerminating=false,isArrived=false
458,0.458,B,notify,flap_controller2_bus,flap_split1,20,RequestService,flap_split1#2,,SERVICE,
458,0.458,B,service,flap_controller2_bus,flap_split1,20,RequestService,flap_split1#2,,SERVICE,,39,_valueCurrent=,23.099999999999994,valueTarget=,37.5,_speedCurrent=,1.6499999999999997,speedChange=NONE,_isTerminating=false,isArrived=false
458,0.458,B,notify,flap_bus1,flap_controller2,20,RequestService,flap_controller2#1,,SERVICE,
459,0.459,B,notify,flap_controller2_bus,flap_split3,21,RequestService,flap_split3#3,,SERVICE,
459,0.459,B,service,flap_controller2_bus,flap_split3,21,RequestService,flap_split3#3,,SERVICE,,40,_valueCurrent=,24.749999999999993,valueTarget=,37.5,_speedCurrent=,1.6499999999999997,speedChange=NONE,_isTerminating=false,isArrived=false
459,0.459,B,notify,flap_controller2_bus,flap_split1,21,RequestService,flap_split1#2,,SERVICE,
459,0.459,B,service,flap_controller2_bus,flap_split1,21,RequestService,flap_split1#2,,SERVICE,,41,_valueCurrent=,24.749999999999993,valueTarget=,37.5,_speedCurrent=,1.6499999999999997,speedChange=NONE,_isTerminating=false,isArrived=false
459,0.459,B,notify,flap_bus1,flap_controller2,21,RequestService,flap_controller2#1,,SERVICE,
460,0.460,B,notify,flap_controller2_bus,flap_split3,22,RequestService,flap_split3#3,,SERVICE,
460,0.460,B,service,flap_controller2_bus,flap_split3,22,RequestService,flap_split3#3,,SERVICE,,42,_valueCurrent=,26.39999999999999,valueTarget=,37.5,_speedCurrent=,1.6499999999999997,speedChange=NONE,_isTerminating=false,isArrived=false
460,0.460,B,notify,flap_controller2_bus,flap_split1,22,RequestService,flap_split1#2,,SERVICE,
460,0.460,B,service,flap_controller2_bus,flap_split1,22,RequestService,flap_split1#2,,SERVICE,,43,_valueCurrent=,26.39999999999999,valueTarget=,37.5,_speedCurrent=,1.6499999999999997,speedChange=NONE,_isTerminating=false,isArrived=false
460,0.460,B,notify,flap_bus1,flap_controller2,22,RequestService,flap_controller2#1,,SERVICE,
461,0.461,B,notify,flap_controller2_bus,flap_split3,23,RequestService,flap_split3#3,,SERVICE,
461,0.461,B,service,flap_controller2_bus,flap_split3,23,RequestService,flap_split3#3,,SERVICE,,44,_valueCurrent=,28.04999999999999,valueTarget=,37.5,_speedCurrent=,1.6499999999999997,speedChange=NONE,_isTerminating=false,isArrived=false
461,0.461,B,notify,flap_controller2_bus,flap_split1,23,RequestService,flap_split1#2,,SERVICE,
461,0.461,B,service,flap_controller2_bus,flap_split1,23,RequestService,flap_split1#2,,SERVICE,,45,_valueCurrent=,28.04999999999999,valueTarget=,37.5,_speedCurrent=,1.6499999999999997,speedChange=NONE,_isTerminating=false,isArrived=false
461,0.461,B,notify,flap_bus1,flap_controller2,23,RequestService,flap_controller2#1,,SERVICE,
462,0.462,B,notify,flap_controller2_bus,flap_split3,24,RequestService,flap_split3#3,,SERVICE,
462,0.462,B,service,flap_controller2_bus,flap_split3,24,RequestService,flap_split3#3,,SERVICE,,46,_valueCurrent=,29.69999999999999,valueTarget=,37.5,_speedCurrent=,1.4999999999999998,speedChange=DECELERATING,_isTerminating=false,isArrived=false
462,0.462,B,notify,flap_controller2_bus,flap_split1,24,RequestService,flap_split1#2,,SERVICE,
462,0.462,B,service,flap_controller2_bus,flap_split1,24,RequestService,flap_split1#2,,SERVICE,,47,_valueCurrent=,29.69999999999999,valueTarget=,37.5,_speedCurrent=,1.4999999999999998,speedChange=DECELERATING,_isTerminating=false,isArrived=false
462,0.462,B,notify,flap_bus1,flap_controller2,24,RequestService,flap_controller2#1,,SERVICE,
463,0.463,B,notify,flap_controller2_bus,flap_split3,25,RequestService,flap_split3#3,,SERVICE,
463,0.463,B,service,flap_controller2_bus,flap_split3,25,RequestService,flap_split3#3,,SERVICE,,48,_valueCurrent=,31.19999999999999,valueTarget=,37.5,_speedCurrent=,1.3499999999999999,speedChange=DECELERATING,_isTerminating=false,isArrived=false
463,0.463,B,notify,flap_controller2_bus,flap_split1,25,RequestService,flap_split1#2,,SERVICE,
463,0.463,B,service,flap_controller2_bus,flap_split1,25,RequestService,flap_split1#2,,SERVICE,,49,_valueCurrent=,31.19999999999999,valueTarget=,37.5,_speedCurrent=,1.3499999999999999,speedChange=DECELERATING,_isTerminating=false,isArrived=false
463,0.463,B,notify,flap_bus1,flap_controller2,25,RequestService,flap_controller2#1,,SERVICE,
464,0.464,B,notify,flap_controller2_bus,flap_split3,26,RequestService,flap_split3#3,,SERVICE,
464,0.464,B,service,flap_controller2_bus,flap_split3,26,RequestService,flap_split3#3,,SERVICE,,50,_valueCurrent=,32.54999999999999,valueTarget=,37.5,_speedCurrent=,1.2,speedChange=DECELERATING,_isTerminating=false,isArrived=false
464,0.464,B,notify,flap_controller2_bus,flap_split1,26,RequestService,flap_split1#2,,SERVICE,
464,0.464,B,service,flap_controller2_bus,flap_split1,26,RequestService,flap_split1#2,,SERVICE,,51,_valueCurrent=,32.54999999999999,valueTarget=,37.5,_speedCurrent=,1.2,speedChange=DECELERATING,_isTerminating=false,isArrived=false
464,0.464,B,notify,flap_bus1,flap_controller2,26,RequestService,flap_controller2#1,,SERVICE,
465,0.465,B,notify,flap_controller2_bus,flap_split3,27,RequestService,flap_split3#3,,SERVICE,
465,0.465,B,service,flap_controller2_bus,flap_split3,27,RequestService,flap_split3#3,,SERVICE,,52,_valueCurrent=,33.74999999999999,valueTarget=,37.5,_speedCurrent=,1.05,speedChange=DECELERATING,_isTerminating=false,isArrived=false
465,0.465,B,notify,flap_controller2_bus,flap_split1,27,RequestService,flap_split1#2,,SERVICE,
465,0.465,B,service,flap_controller2_bus,flap_split1,27,RequestService,flap_split1#2,,SERVICE,,53,_valueCurrent=,33.74999999999999,valueTarget=,37.5,_speedCurrent=,1.05,speedChange=DECELERATING,_isTerminating=false,isArrived=false
465,0.465,B,notify,flap_bus1,flap_controller2,27,RequestService,flap_controller2#1,,SERVICE,
466,0.466,B,notify,flap_controller2_bus,flap_split3,28,RequestService,flap_split3#3,,SERVICE,
466,0.466,B,service,flap_controller2_bus,flap_split3,28,RequestService,flap_split3#3,,SERVICE,,54,_valueCurrent=,34.79999999999999,valueTarget=,37.5,_speedCurrent=,0.9,speedChange=DECELERATING,_isTerminating=false,isArrived=false
466,0.466,B,notify,flap_controller2_bus,flap_split1,28,RequestService,flap_split1#2,,SERVICE,
466,0.466,B,service,flap_controller2_bus,flap_split1,28,RequestService,flap_split1#2,,SERVICE,,55,_valueCurrent=,34.79999999999999,valueTarget=,37.5,_speedCurrent=,0.9,speedChange=DECELERATING,_isTerminating=false,isArrived=false
466,0.466,B,notify,flap_bus1,flap_controller2,28,RequestService,flap_controller2#1,,SERVICE,
467,0.467,B,notify,flap_controller2_bus,flap_split3,29,RequestService,flap_split3#3,,SERVICE,
467,0.467,B,service,flap_controller2_bus,flap_split3,29,RequestService,flap_split3#3,,SERVICE,,56,_valueCurrent=,35.69999999999999,valueTarget=,37.5,_speedCurrent=,0.75,speedChange=DECELERATING,_isTerminating=false,isArrived=false
467,0.467,B,notify,flap_controller2_bus,flap_split1,29,RequestService,flap_split1#2,,SERVICE,
467,0.467,B,service,flap_controller2_bus,flap_split1,29,RequestService,flap_split1#2,,SERVICE,,57,_valueCurrent=,35.69999999999999,valueTarget=,37.5,_speedCurrent=,0.75,speedChange=DECELERATING,_isTerminating=false,isArrived=false
467,0.467,B,notify,flap_bus1,flap_controller2,29,RequestService,flap_controller2#1,,SERVICE,
468,0.468,B,notify,flap_controller2_bus,flap_split3,30,RequestService,flap_split3#3,,SERVICE,
468,0.468,B,service,flap_controller2_bus,flap_split3,30,RequestService,flap_split3#3,,SERVICE,,58,_valueCurrent=,36.44999999999999,valueTarget=,37.5,_speedCurrent=,0.6,speedChange=DECELERATING,_isTerminating=false,isArrived=false
468,0.468,B,notify,flap_controller2_bus,flap_split1,30,RequestService,flap_split1#2,,SERVICE,
468,0.468,B,service,flap_controller2_bus,flap_split1,30,RequestService,flap_split1#2,,SERVICE,,59,_valueCurrent=,36.44999999999999,valueTarget=,37.5,_speedCurrent=,0.6,speedChange=DECELERATING,_isTerminating=false,isArrived=false
468,0.468,B,notify,flap_bus1,flap_controller2,30,RequestService,flap_controller2#1,,SERVICE,
469,0.469,B,notify,flap_controller2_bus,flap_split3,31,RequestService,flap_split3#3,,SERVICE,
469,0.469,B,service,flap_controller2_bus,flap_split3,31,RequestService,flap_split3#3,,SERVICE,,60,_valueCurrent=,37.04999999999999,valueTarget=,37.5,_speedCurrent=,0.44999999999999996,speedChange=DECELERATING,_isTerminating=false,isArrived=false
469,0.469,B,notify,flap_controller2_bus,flap_split1,31,RequestService,flap_split1#2,,SERVICE,
469,0.469,B,service,flap_controller2_bus,flap_split1,31,RequestService,flap_split1#2,,SERVICE,,61,_valueCurrent=,37.04999999999999,valueTarget=,37.5,_speedCurrent=,0.44999999999999996,speedChange=DECELERATING,_isTerminating=false,isArrived=false
469,0.469,B,notify,flap_bus1,flap_controller2,31,RequestService,flap_controller2#1,,SERVICE,
470,0.470,B,notify,flap_controller2_bus,flap_split3,32,RequestService,flap_split3#3,,SERVICE,
470,0.470,B,service,flap_controller2_bus,flap_split3,32,RequestService,flap_split3#3,,SERVICE,,62,_valueCurrent=,37.49999999999999,valueTarget=,37.5,_speedCurrent=,0.29999999999999993,speedChange=DECELERATING,_isTerminating=false,isArrived=false
470,0.470,B,notify,flap_controller2_bus,flap_split1,32,RequestService,flap_split1#2,,SERVICE,
470,0.470,B,service,flap_controller2_bus,flap_split1,32,RequestService,flap_split1#2,,SERVICE,,63,_valueCurrent=,37.49999999999999,valueTarget=,37.5,_speedCurrent=,0.29999999999999993,speedChange=DECELERATING,_isTerminating=false,isArrived=false
470,0.470,B,notify,flap_bus1,flap_controller2,32,RequestService,flap_controller2#1,,SERVICE,
471,0.471,B,notify,flap_controller2_bus,flap_split3,33,RequestService,flap_split3#3,,SERVICE,
471,0.471,B,service,flap_controller2_bus,flap_split3,33,RequestService,flap_split3#3,,SERVICE,,64,_valueCurrent=,37.5,valueTarget=,37.5,_speedCurrent=,0.15,speedChange=NONE,_isTerminating=false,isArrived=true
471,0.471,C,submit,flap_controller2_bus,flap_split3,0,RequestCancel,flap_split3#4,flap_split3#3,UNBOUND
471,0.471,B,notify,flap_controller2_bus,flap_split3,33,RequestService,flap_split3#3,,CANCEL,
471,0.471,D,respond,flap_controller2_bus,flap_split3,0,RequestCancel,flap_split3#4,flap_split3#3,,ACCEPTED_SERVICING
471,0.471,B,notify,flap_controller2_bus,flap_split1,33,RequestService,flap_split1#2,,SERVICE,
471,0.471,B,service,flap_controller2_bus,flap_split1,33,RequestService,flap_split1#2,,SERVICE,,65,_valueCurrent=,37.5,valueTarget=,37.5,_speedCurrent=,0.15,speedChange=NONE,_isTerminating=false,isArrived=true
471,0.471,C,submit,flap_controller2_bus,flap_split1,0,RequestCancel,flap_split1#5,flap_split1#2,UNBOUND
471,0.471,B,notify,flap_controller2_bus,flap_split1,33,RequestService,flap_split1#2,,CANCEL,
471,0.471,D,respond,flap_controller2_bus,flap_split1,0,RequestCancel,flap_split1#5,flap_split1#2,,ACCEPTED_SERVICING
471,0.471,B,notify,flap_bus1,flap_controller2,33,RequestService,flap_controller2#1,,SERVICE,
472,0.472,C,submit,flap_bus1,flap_controller2,0,RequestService,flap_controller2#6,,UNBOUND
472,0.472,B,notify,flap_bus1,flap_controller2,0,RequestService,flap_controller2#6,,TERMINATE,
472,0.472,C,submit,flap_controller2_bus,flap_split1,0,RequestService,flap_split1#7,,UNBOUND
472,0.472,D,respond,flap_controller2_bus,flap_split1,0,RequestService,flap_split1#7,,,ACCEPTED_SERVICING
472,0.472,C,submit,flap_controller2_bus,flap_split3,0,RequestService,flap_split3#8,,UNBOUND
472,0.472,D,respond,flap_controller2_bus,flap_split3,0,RequestService,flap_split3#8,,,ACCEPTED_SERVICING
472,0.472,D,respond,flap_bus1,flap_controller2,0,RequestService,flap_controller2#6,,,ACCEPTED_SERVICING
472,0.472,B,notify,flap_controller2_bus,flap_split3,1,RequestService,flap_split3#8,,SERVICE,
472,0.472,B,service,flap_controller2_bus,flap_split3,1,RequestService,flap_split3#8,,SERVICE,,66,_valueCurrent=,37.35,valueTarget=,0.0,_speedCurrent=,0.3,speedChange=ACCELERATING,_isTerminating=false,isArrived=false
472,0.472,B,notify,flap_controller2_bus,flap_split1,1,RequestService,flap_split1#7,,SERVICE,
472,0.472,B,service,flap_controller2_bus,flap_split1,1,RequestService,flap_split1#7,,SERVICE,,67,_valueCurrent=,37.35,valueTarget=,0.0,_speedCurrent=,0.3,speedChange=ACCELERATING,_isTerminating=false,isArrived=false
472,0.472,B,notify,flap_bus1,flap_controller2,34,RequestService,flap_controller2#1,,SERVICE,
473,0.473,B,notify,flap_controller2_bus,flap_split3,2,RequestService,flap_split3#8,,SERVICE,
473,0.473,B,service,flap_controller2_bus,flap_split3,2,RequestService,flap_split3#8,,SERVICE,,68,_valueCurrent=,37.050000000000004,valueTarget=,0.0,_speedCurrent=,0.44999999999999996,speedChange=ACCELERATING,_isTerminating=false,isArrived=false
473,0.473,B,notify,flap_controller2_bus,flap_split1,2,RequestService,flap_split1#7,,SERVICE,
473,0.473,B,service,flap_controller2_bus,flap_split1,2,RequestService,flap_split1#7,,SERVICE,,69,_valueCurrent=,37.050000000000004,valueTarget=,0.0,_speedCurrent=,0.44999999999999996,speedChange=ACCELERATING,_isTerminating=false,isArrived=false
473,0.473,B,notify,flap_bus1,flap_controller2,35,RequestService,flap_controller2#1,,SERVICE,
474,0.474,B,notify,flap_controller2_bus,flap_split3,3,RequestService,flap_split3#8,,SERVICE,
474,0.474,B,service,flap_controller2_bus,flap_split3,3,RequestService,flap_split3#8,,SERVICE,,70,_valueCurrent=,36.6,valueTarget=,0.0,_speedCurrent=,0.6,speedChange=ACCELERATING,_isTerminating=false,isArrived=false
474,0.474,B,notify,flap_controller2_bus,flap_split1,3,RequestService,flap_split1#7,,SERVICE,
474,0.474,B,service,flap_controller2_bus,flap_split1,3,RequestService,flap_split1#7,,SERVICE,,71,_valueCurrent=,36.6,valueTarget=,0.0,_speedCurrent=,0.6,speedChange=ACCELERATING,_isTerminating=false,isArrived=false
474,0.474,B,notify,flap_bus1,flap_controller2,36,RequestService,flap_controller2#1,,SERVICE,
475,0.475,B,notify,flap_controller2_bus,flap_split3,4,RequestService,flap_split3#8,,SERVICE,
475,0.475,B,service,flap_controller2_bus,flap_split3,4,RequestService,flap_split3#8,,SERVICE,,72,_valueCurrent=,36.0,valueTarget=,0.0,_speedCurrent=,0.75,speedChange=ACCELERATING,_isTerminating=false,isArrived=false
475,0.475,B,notify,flap_controller2_bus,flap_split1,4,RequestService,flap_split1#7,,SERVICE,
475,0.475,B,service,flap_controller2_bus,flap_split1,4,RequestService,flap_split1#7,,SERVICE,,73,_valueCurrent=,36.0,valueTarget=,0.0,_speedCurrent=,0.75,speedChange=ACCELERATING,_isTerminating=false,isArrived=false
475,0.475,B,notify,flap_bus1,flap_controller2,37,RequestService,flap_controller2#1,,SERVICE,
476,0.476,B,notify,flap_controller2_bus,flap_split3,5,RequestService,flap_split3#8,,SERVICE,
476,0.476,B,service,flap_controller2_bus,flap_split3,5,RequestService,flap_split3#8,,SERVICE,,74,_valueCurrent=,35.25,valueTarget=,0.0,_speedCurrent=,0.9,speedChange=ACCELERATING,_isTerminating=false,isArrived=false
476,0.476,B,notify,flap_controller2_bus,flap_split1,5,RequestService,flap_split1#7,,SERVICE,
476,0.476,B,service,flap_controller2_bus,flap_split1,5,RequestService,flap_split1#7,,SERVICE,,75,_valueCurrent=,35.25,valueTarget=,0.0,_speedCurrent=,0.9,speedChange=ACCELERATING,_isTerminating=false,isArrived=false
476,0.476,B,notify,flap_bus1,flap_controller2,38,RequestService,flap_controller2#1,,SERVICE,
477,0.477,B,notify,flap_controller2_bus,flap_split3,6,RequestService,flap_split3#8,,SERVICE,
477,0.477,B,service,flap_controller2_bus,flap_split3,6,RequestService,flap_split3#8,,SERVICE,,76,_valueCurrent=,34.35,valueTarget=,0.0,_speedCurrent=,1.05,speedChange=ACCELERATING,_isTerminating=false,isArrived=false
477,0.477,B,notify,flap_controller2_bus,flap_split1,6,RequestService,flap_split1#7,,SERVICE,
477,0.477,B,service,flap_controller2_bus,flap_split1,6,RequestService,flap_split1#7,,SERVICE,,77,_valueCurrent=,34.35,valueTarget=,0.0,_speedCurrent=,1.05,speedChange=ACCELERATING,_isTerminating=false,isArrived=false
477,0.477,B,notify,flap_bus1,flap_controller2,39,RequestService,flap_controller2#1,,SERVICE,
478,0.478,B,notify,flap_controller2_bus,flap_split3,7,RequestService,flap_split3#8,,SERVICE,
478,0.478,B,service,flap_controller2_bus,flap_split3,7,RequestService,flap_split3#8,,SERVICE,,78,_valueCurrent=,33.300000000000004,valueTarget=,0.0,_speedCurrent=,1.2,speedChange=ACCELERATING,_isTerminating=false,isArrived=false
478,0.478,B,notify,flap_controller2_bus,flap_split1,7,RequestService,flap_split1#7,,SERVICE,
478,0.478,B,service,flap_controller2_bus,flap_split1,7,RequestService,flap_split1#7,,SERVICE,,79,_valueCurrent=,33.300000000000004,valueTarget=,0.0,_speedCurrent=,1.2,speedChange=ACCELERATING,_isTerminating=false,isArrived=false
478,0.478,B,notify,flap_bus1,flap_controller2,40,RequestService,flap_controller2#1,,SERVICE,
479,0.479,B,notify,flap_controller2_bus,flap_split3,8,RequestService,flap_split3#8,,SERVICE,
479,0.479,B,service,flap_controller2_bus,flap_split3,8,RequestService,flap_split3#8,,SERVICE,,80,_valueCurrent=,32.1,valueTarget=,0.0,_speedCurrent=,1.3499999999999999,speedChange=ACCELERATING,_isTerminating=false,isArrived=false
479,0.479,B,notify,flap_controller2_bus,flap_split1,8,RequestService,flap_split1#7,,SERVICE,
479,0.479,B,service,flap_controller2_bus,flap_split1,8,RequestService,flap_split1#7,,SERVICE,,81,_valueCurrent=,32.1,valueTarget=,0.0,_speedCurrent=,1.3499999999999999,speedChange=ACCELERATING,_isTerminating=false,isArrived=false
479,0.479,B,notify,flap_bus1,flap_controller2,41,RequestService,flap_controller2#1,,SERVICE,
480,0.480,B,notify,flap_controller2_bus,flap_split3,9,RequestService,flap_split3#8,,SERVICE,
480,0.480,B,service,flap_controller2_bus,flap_split3,9,RequestService,flap_split3#8,,SERVICE,,82,_valueCurrent=,30.75,valueTarget=,0.0,_speedCurrent=,1.4999999999999998,speedChange=ACCELERATING,_isTerminating=false,isArrived=false
480,0.480,B,notify,flap_controller2_bus,flap_split1,9,RequestService,flap_split1#7,,SERVICE,
480,0.480,B,service,flap_controller2_bus,flap_split1,9,RequestService,flap_split1#7,,SERVICE,,83,_valueCurrent=,30.75,valueTarget=,0.0,_speedCurrent=,1.4999999999999998,speedChange=ACCELERATING,_isTerminating=false,isArrived=false
480,0.480,B,notify,flap_bus1,flap_controller2,42,RequestService,flap_controller2#1,,SERVICE,
481,0.481,B,notify,flap_controller2_bus,flap_split3,10,RequestService,flap_split3#8,,SERVICE,
481,0.481,B,service,flap_controller2_bus,flap_split3,10,RequestService,flap_split3#8,,SERVICE,,84,_valueCurrent=,29.25,valueTarget=,0.0,_speedCurrent=,1.6499999999999997,speedChange=ACCELERATING,_isTerminating=false,isArrived=false
481,0.481,B,notify,flap_controller2_bus,flap_split1,10,RequestService,flap_split1#7,,SERVICE,
481,0.481,B,service,flap_controller2_bus,flap_split1,10,RequestService,flap_split1#7,,SERVICE,,85,_valueCurrent=,29.25,valueTarget=,0.0,_speedCurrent=,1.6499999999999997,speedChange=ACCELERATING,_isTerminating=false,isArrived=false
481,0.481,B,notify,flap_bus1,flap_controller2,43,RequestService,flap_controller2#1,,SERVICE,
482,0.482,B,notify,flap_controller2_bus,flap_split3,11,RequestService,flap_split3#8,,SERVICE,
482,0.482,B,service,flap_controller2_bus,flap_split3,11,RequestService,flap_split3#8,,SERVICE,,86,_valueCurrent=,27.6,valueTarget=,0.0,_speedCurrent=,1.6499999999999997,speedChange=NONE,_isTerminating=false,isArrived=false
482,0.482,B,notify,flap_controller2_bus,flap_split1,11,RequestService,flap_split1#7,,SERVICE,
482,0.482,B,service,flap_controller2_bus,flap_split1,11,RequestService,flap_split1#7,,SERVICE,,87,_valueCurrent=,27.6,valueTarget=,0.0,_speedCurrent=,1.6499999999999997,speedChange=NONE,_isTerminating=false,isArrived=false
482,0.482,B,notify,flap_bus1,flap_controller2,44,RequestService,flap_controller2#1,,SERVICE,
483,0.483,B,notify,flap_controller2_bus,flap_split3,12,RequestService,flap_split3#8,,SERVICE,
483,0.483,B,service,flap_controller2_bus,flap_split3,12,RequestService,flap_split3#8,,SERVICE,,88,_valueCurrent=,25.950000000000003,valueTarget=,0.0,_speedCurrent=,1.6499999999999997,speedChange=NONE,_isTerminating=false,isArrived=false
483,0.483,B,notify,flap_controller2_bus,flap_split1,12,RequestService,flap_split1#7,,SERVICE,
483,0.483,B,service,flap_controller2_bus,flap_split1,12,RequestService,flap_split1#7,,SERVICE,,89,_valueCurrent=,25.950000000000003,valueTarget=,0.0,_speedCurrent=,1.6499999999999997,speedChange=NONE,_isTerminating=false,isArrived=false
483,0.483,B,notify,flap_bus1,flap_controller2,45,RequestService,flap_controller2#1,,SERVICE,
484,0.484,B,notify,flap_controller2_bus,flap_split3,13,RequestService,flap_split3#8,,SERVICE,
484,0.484,B,service,flap_controller2_bus,flap_split3,13,RequestService,flap_split3#8,,SERVICE,,90,_valueCurrent=,24.300000000000004,valueTarget=,0.0,_speedCurrent=,1.6499999999999997,speedChange=NONE,_isTerminating=false,isArrived=false
484,0.484,B,notify,flap_controller2_bus,flap_split1,13,RequestService,flap_split1#7,,SERVICE,
484,0.484,B,service,flap_controller2_bus,flap_split1,13,RequestService,flap_split1#7,,SERVICE,,91,_valueCurrent=,24.300000000000004,valueTarget=,0.0,_speedCurrent=,1.6499999999999997,speedChange=NONE,_isTerminating=false,isArrived=false
484,0.484,B,notify,flap_bus1,flap_controller2,46,RequestService,flap_controller2#1,,SERVICE,
485,0.485,B,notify,flap_controller2_bus,flap_split3,14,RequestService,flap_split3#8,,SERVICE,
485,0.485,B,service,flap_controller2_bus,flap_split3,14,RequestService,flap_split3#8,,SERVICE,,92,_valueCurrent=,22.650000000000006,valueTarget=,0.0,_speedCurrent=,1.6499999999999997,speedChange=NONE,_isTerminating=false,isArrived=false
485,0.485,B,notify,flap_controller2_bus,flap_split1,14,RequestService,flap_split1#7,,SERVICE,
485,0.485,B,service,flap_controller2_bus,flap_split1,14,RequestService,flap_split1#7,,SERVICE,,93,_valueCurrent=,22.650000000000006,valueTarget=,0.0,_speedCurrent=,1.6499999999999997,speedChange=NONE,_isTerminating=false,isArrived=false
485,0.485,B,notify,flap_bus1,flap_controller2,47,RequestService,flap_controller2#1,,SERVICE,
486,0.486,B,notify,flap_controller2_bus,flap_split3,15,RequestService,flap_split3#8,,SERVICE,
486,0.486,B,service,flap_controller2_bus,flap_split3,15,RequestService,flap_split3#8,,SERVICE,,94,_valueCurrent=,21.000000000000007,valueTarget=,0.0,_speedCurrent=,1.6499999999999997,speedChange=NONE,_isTerminating=false,isArrived=false
486,0.486,B,notify,flap_controller2_bus,flap_split1,15,RequestService,flap_split1#7,,SERVICE,
486,0.486,B,service,flap_controller2_bus,flap_split1,15,RequestService,flap_split1#7,,SERVICE,,95,_valueCurrent=,21.000000000000007,valueTarget=,0.0,_speedCurrent=,1.6499999999999997,speedChange=NONE,_isTerminating=false,isArrived=false
486,0.486,B,notify,flap_bus1,flap_controller2,48,RequestService,flap_controller2#1,,SERVICE,
487,0.487,B,notify,flap_controller2_bus,flap_split3,16,RequestService,flap_split3#8,,SERVICE,
487,0.487,B,service,flap_controller2_bus,flap_split3,16,RequestService,flap_split3#8,,SERVICE,,96,_valueCurrent=,19.35000000000001,valueTarget=,0.0,_speedCurrent=,1.6499999999999997,speedChange=NONE,_isTerminating=false,isArrived=false
487,0.487,B,notify,flap_controller2_bus,flap_split1,16,RequestService,flap_split1#7,,SERVICE,
487,0.487,B,service,flap_controller2_bus,flap_split1,16,RequestService,flap_split1#7,,SERVICE,,97,_valueCurrent=,19.35000000000001,valueTarget=,0.0,_speedCurrent=,1.6499999999999997,speedChange=NONE,_isTerminating=false,isArrived=false
487,0.487,B,notify,flap_bus1,flap_controller2,49,RequestService,flap_controller2#1,,SERVICE,
488,0.488,B,notify,flap_controller2_bus,flap_split3,17,RequestService,flap_split3#8,,SERVICE,
488,0.488,B,service,flap_controller2_bus,flap_split3,17,RequestService,flap_split3#8,,SERVICE,,98,_valueCurrent=,17.70000000000001,valueTarget=,0.0,_speedCurrent=,1.6499999999999997,speedChange=NONE,_isTerminating=false,isArrived=false
488,0.488,B,notify,flap_controller2_bus,flap_split1,17,RequestService,flap_split1#7,,SERVICE,
488,0.488,B,service,flap_controller2_bus,flap_split1,17,RequestService,flap_split1#7,,SERVICE,,99,_valueCurrent=,17.70000000000001,valueTarget=,0.0,_speedCurrent=,1.6499999999999997,speedChange=NONE,_isTerminating=false,isArrived=false
488,0.488,B,notify,flap_bus1,flap_controller2,50,RequestService,flap_controller2#1,,SERVICE,
489,0.489,B,notify,flap_controller2_bus,flap_split3,18,RequestService,flap_split3#8,,SERVICE,
489,0.489,B,service,flap_controller2_bus,flap_split3,18,RequestService,flap_split3#8,,SERVICE,,100,_valueCurrent=,16.05000000000001,valueTarget=,0.0,_speedCurrent=,1.6499999999999997,speedChange=NONE,_isTerminating=false,isArrived=false
489,0.489,B,notify,flap_controller2_bus,flap_split1,18,RequestService,flap_split1#7,,SERVICE,
489,0.489,B,service,flap_controller2_bus,flap_split1,18,RequestService,flap_split1#7,,SERVICE,,101,_valueCurrent=,16.05000000000001,valueTarget=,0.0,_speedCurrent=,1.6499999999999997,speedChange=NONE,_isTerminating=false,isArrived=false
489,0.489,B,notify,flap_bus1,flap_controller2,51,RequestService,flap_controller2#1,,SERVICE,
490,0.490,B,notify,flap_controller2_bus,flap_split3,19,RequestService,flap_split3#8,,SERVICE,
490,0.490,B,service,flap_controller2_bus,flap_split3,19,RequestService,flap_split3#8,,SERVICE,,102,_valueCurrent=,14.400000000000011,valueTarget=,0.0,_speedCurrent=,1.6499999999999997,speedChange=NONE,_isTerminating=false,isArrived=false
490,0.490,B,notify,flap_controller2_bus,flap_split1,19,RequestService,flap_split1#7,,SERVICE,
490,0.490,B,service,flap_controller2_bus,flap_split1,19,RequestService,flap_split1#7,,SERVICE,,103,_valueCurrent=,14.400000000000011,valueTarget=,0.0,_speedCurrent=,1.6499999999999997,speedChange=NONE,_isTerminating=false,isArrived=false
490,0.490,B,notify,flap_bus1,flap_controller2,52,RequestService,flap_controller2#1,,SERVICE,
491,0.491,B,notify,flap_controller2_bus,flap_split3,20,RequestService,flap_split3#8,,SERVICE,
491,0.491,B,service,flap_controller2_bus,flap_split3,20,RequestService,flap_split3#8,,SERVICE,,104,_valueCurrent=,12.75000000000001,valueTarget=,0.0,_speedCurrent=,1.6499999999999997,speedChange=NONE,_isTerminating=false,isArrived=false
491,0.491,B,notify,flap_controller2_bus,flap_split1,20,RequestService,flap_split1#7,,SERVICE,
491,0.491,B,service,flap_controller2_bus,flap_split1,20,RequestService,flap_split1#7,,SERVICE,,105,_valueCurrent=,12.75000000000001,valueTarget=,0.0,_speedCurrent=,1.6499999999999997,speedChange=NONE,_isTerminating=false,isArrived=false
491,0.491,B,notify,flap_bus1,flap_controller2,53,RequestService,flap_controller2#1,,SERVICE,
492,0.492,B,notify,flap_controller2_bus,flap_split3,21,RequestService,flap_split3#8,,SERVICE,
492,0.492,B,service,flap_controller2_bus,flap_split3,21,RequestService,flap_split3#8,,SERVICE,,106,_valueCurrent=,11.10000000000001,valueTarget=,0.0,_speedCurrent=,1.6499999999999997,speedChange=NONE,_isTerminating=false,isArrived=false
492,0.492,B,notify,flap_controller2_bus,flap_split1,21,RequestService,flap_split1#7,,SERVICE,
492,0.492,B,service,flap_controller2_bus,flap_split1,21,RequestService,flap_split1#7,,SERVICE,,107,_valueCurrent=,11.10000000000001,valueTarget=,0.0,_speedCurrent=,1.6499999999999997,speedChange=NONE,_isTerminating=false,isArrived=false
492,0.492,B,notify,flap_bus1,flap_controller2,54,RequestService,flap_controller2#1,,SERVICE,
493,0.493,B,notify,flap_controller2_bus,flap_split3,22,RequestService,flap_split3#8,,SERVICE,
493,0.493,B,service,flap_controller2_bus,flap_split3,22,RequestService,flap_split3#8,,SERVICE,,108,_valueCurrent=,9.45000000000001,valueTarget=,0.0,_speedCurrent=,1.6499999999999997,speedChange=NONE,_isTerminating=false,isArrived=false
493,0.493,B,notify,flap_controller2_bus,flap_split1,22,RequestService,flap_split1#7,,SERVICE,
493,0.493,B,service,flap_controller2_bus,flap_split1,22,RequestService,flap_split1#7,,SERVICE,,109,_valueCurrent=,9.45000000000001,valueTarget=,0.0,_speedCurrent=,1.6499999999999997,speedChange=NONE,_isTerminating=false,isArrived=false
493,0.493,B,notify,flap_bus1,flap_controller2,55,RequestService,flap_controller2#1,,SERVICE,
494,0.494,B,notify,flap_controller2_bus,flap_split3,23,RequestService,flap_split3#8,,SERVICE,
494,0.494,B,service,flap_controller2_bus,flap_split3,23,RequestService,flap_split3#8,,SERVICE,,110,_valueCurrent=,7.8000000000000105,valueTarget=,0.0,_speedCurrent=,1.4999999999999998,speedChange=DECELERATING,_isTerminating=false,isArrived=false
494,0.494,B,notify,flap_controller2_bus,flap_split1,23,RequestService,flap_split1#7,,SERVICE,
494,0.494,B,service,flap_controller2_bus,flap_split1,23,RequestService,flap_split1#7,,SERVICE,,111,_valueCurrent=,7.8000000000000105,valueTarget=,0.0,_speedCurrent=,1.4999999999999998,speedChange=DECELERATING,_isTerminating=false,isArrived=false
494,0.494,B,notify,flap_bus1,flap_controller2,56,RequestService,flap_controller2#1,,SERVICE,
495,0.495,B,notify,flap_controller2_bus,flap_split3,24,RequestService,flap_split3#8,,SERVICE,
495,0.495,B,service,flap_controller2_bus,flap_split3,24,RequestService,flap_split3#8,,SERVICE,,112,_valueCurrent=,6.3000000000000105,valueTarget=,0.0,_speedCurrent=,1.3499999999999999,speedChange=DECELERATING,_isTerminating=false,isArrived=false
495,0.495,B,notify,flap_controller2_bus,flap_split1,24,RequestService,flap_split1#7,,SERVICE,
495,0.495,B,service,flap_controller2_bus,flap_split1,24,RequestService,flap_split1#7,,SERVICE,,113,_valueCurrent=,6.3000000000000105,valueTarget=,0.0,_speedCurrent=,1.3499999999999999,speedChange=DECELERATING,_isTerminating=false,isArrived=false
495,0.495,B,notify,flap_bus1,flap_controller2,57,RequestService,flap_controller2#1,,SERVICE,
496,0.496,B,notify,flap_controller2_bus,flap_split3,25,RequestService,flap_split3#8,,SERVICE,
496,0.496,B,service,flap_controller2_bus,flap_split3,25,RequestService,flap_split3#8,,SERVICE,,114,_valueCurrent=,4.950000000000011,valueTarget=,0.0,_speedCurrent=,1.2,speedChange=DECELERATING,_isTerminating=false,isArrived=false
496,0.496,B,notify,flap_controller2_bus,flap_split1,25,RequestService,flap_split1#7,,SERVICE,
496,0.496,B,service,flap_controller2_bus,flap_split1,25,RequestService,flap_split1#7,,SERVICE,,115,_valueCurrent=,4.950000000000011,valueTarget=,0.0,_speedCurrent=,1.2,speedChange=DECELERATING,_isTerminating=false,isArrived=false
496,0.496,B,notify,flap_bus1,flap_controller2,58,RequestService,flap_controller2#1,,SERVICE,
497,0.497,B,notify,flap_controller2_bus,flap_split3,26,RequestService,flap_split3#8,,SERVICE,
497,0.497,B,service,flap_controller2_bus,flap_split3,26,RequestService,flap_split3#8,,SERVICE,,116,_valueCurrent=,3.7500000000000107,valueTarget=,0.0,_speedCurrent=,1.05,speedChange=DECELERATING,_isTerminating=false,isArrived=false
497,0.497,B,notify,flap_controller2_bus,flap_split1,26,RequestService,flap_split1#7,,SERVICE,
497,0.497,B,service,flap_controller2_bus,flap_split1,26,RequestService,flap_split1#7,,SERVICE,,117,_valueCurrent=,3.7500000000000107,valueTarget=,0.0,_speedCurrent=,1.05,speedChange=DECELERATING,_isTerminating=false,isArrived=false
497,0.497,B,notify,flap_bus1,flap_controller2,59,RequestService,flap_controller2#1,,SERVICE,
498,0.498,B,notify,flap_controller2_bus,flap_split3,27,RequestService,flap_split3#8,,SERVICE,
498,0.498,B,service,flap_controller2_bus,flap_split3,27,RequestService,flap_split3#8,,SERVICE,,118,_valueCurrent=,2.700000000000011,valueTarget=,0.0,_speedCurrent=,0.9,speedChange=DECELERATING,_isTerminating=false,isArrived=false
498,0.498,B,notify,flap_controller2_bus,flap_split1,27,RequestService,flap_split1#7,,SERVICE,
498,0.498,B,service,flap_controller2_bus,flap_split1,27,RequestService,flap_split1#7,,SERVICE,,119,_valueCurrent=,2.700000000000011,valueTarget=,0.0,_speedCurrent=,0.9,speedChange=DECELERATING,_isTerminating=false,isArrived=false
498,0.498,B,notify,flap_bus1,flap_controller2,60,RequestService,flap_controller2#1,,SERVICE,
499,0.499,B,notify,flap_controller2_bus,flap_split3,28,RequestService,flap_split3#8,,SERVICE,
499,0.499,B,service,flap_controller2_bus,flap_split3,28,RequestService,flap_split3#8,,SERVICE,,120,_valueCurrent=,1.800000000000011,valueTarget=,0.0,_speedCurrent=,0.75,speedChange=DECELERATING,_isTerminating=false,isArrived=false
499,0.499,B,notify,flap_controller2_bus,flap_split1,28,RequestService,flap_split1#7,,SERVICE,
499,0.499,B,service,flap_controller2_bus,flap_split1,28,RequestService,flap_split1#7,,SERVICE,,121,_valueCurrent=,1.800000000000011,valueTarget=,0.0,_speedCurrent=,0.75,speedChange=DECELERATING,_isTerminating=false,isArrived=false
499,0.499,B,notify,flap_bus1,flap_controller2,61,RequestService,flap_controller2#1,,SERVICE,
500,0.500,B,notify,flap_controller2_bus,flap_split3,29,RequestService,flap_split3#8,,SERVICE,
500,0.500,B,service,flap_controller2_bus,flap_split3,29,RequestService,flap_split3#8,,SERVICE,,122,_valueCurrent=,1.050000000000011,valueTarget=,0.0,_speedCurrent=,0.6,speedChange=DECELERATING,_isTerminating=false,isArrived=false
500,0.500,B,notify,flap_controller2_bus,flap_split1,29,RequestService,flap_split1#7,,SERVICE,
500,0.500,B,service,flap_controller2_bus,flap_split1,29,RequestService,flap_split1#7,,SERVICE,,123,_valueCurrent=,1.050000000000011,valueTarget=,0.0,_speedCurrent=,0.6,speedChange=DECELERATING,_isTerminating=false,isArrived=false
500,0.500,B,notify,flap_bus1,flap_controller2,62,RequestService,flap_controller2#1,,SERVICE,
501,0.501,B,notify,flap_controller2_bus,flap_split3,30,RequestService,flap_split3#8,,SERVICE,
501,0.501,B,service,flap_controller2_bus,flap_split3,30,RequestService,flap_split3#8,,SERVICE,,124,_valueCurrent=,0.45000000000001095,valueTarget=,0.0,_speedCurrent=,0.44999999999999996,speedChange=DECELERATING,_isTerminating=false,isArrived=false
501,0.501,B,notify,flap_controller2_bus,flap_split1,30,RequestService,flap_split1#7,,SERVICE,
501,0.501,B,service,flap_controller2_bus,flap_split1,30,RequestService,flap_split1#7,,SERVICE,,125,_valueCurrent=,0.45000000000001095,valueTarget=,0.0,_speedCurrent=,0.44999999999999996,speedChange=DECELERATING,_isTerminating=false,isArrived=false
501,0.501,B,notify,flap_bus1,flap_controller2,63,RequestService,flap_controller2#1,,SERVICE,
502,0.502,B,notify,flap_controller2_bus,flap_split3,31,RequestService,flap_split3#8,,SERVICE,
502,0.502,B,service,flap_controller2_bus,flap_split3,31,RequestService,flap_split3#8,,SERVICE,,126,_valueCurrent=,1.099120794378905E-14,valueTarget=,0.0,_speedCurrent=,0.29999999999999993,speedChange=DECELERATING,_isTerminating=false,isArrived=false
502,0.502,B,notify,flap_controller2_bus,flap_split1,31,RequestService,flap_split1#7,,SERVICE,
502,0.502,B,service,flap_controller2_bus,flap_split1,31,RequestService,flap_split1#7,,SERVICE,,127,_valueCurrent=,1.099120794378905E-14,valueTarget=,0.0,_speedCurrent=,0.29999999999999993,speedChange=DECELERATING,_isTerminating=false,isArrived=false
502,0.502,B,notify,flap_bus1,flap_controller2,64,RequestService,flap_controller2#1,,SERVICE,
503,0.503,B,notify,flap_controller2_bus,flap_split3,32,RequestService,flap_split3#8,,SERVICE,
503,0.503,B,service,flap_controller2_bus,flap_split3,32,RequestService,flap_split3#8,,SERVICE,,128,_valueCurrent=,0.0,valueTarget=,0.0,_speedCurrent=,0.15,speedChange=NONE,_isTerminating=false,isArrived=true
503,0.503,C,submit,flap_controller2_bus,flap_split3,0,RequestCancel,flap_split3#9,flap_split3#8,UNBOUND
503,0.503,B,notify,flap_controller2_bus,flap_split3,32,RequestService,flap_split3#8,,CANCEL,
503,0.503,D,respond,flap_controller2_bus,flap_split3,0,RequestCancel,flap_split3#9,flap_split3#8,,ACCEPTED_SERVICING
503,0.503,B,notify,flap_controller2_bus,flap_split1,32,RequestService,flap_split1#7,,SERVICE,
503,0.503,B,service,flap_controller2_bus,flap_split1,32,RequestService,flap_split1#7,,SERVICE,,129,_valueCurrent=,0.0,valueTarget=,0.0,_speedCurrent=,0.15,speedChange=NONE,_isTerminating=false,isArrived=true
503,0.503,C,submit,flap_controller2_bus,flap_split1,0,RequestCancel,flap_split1#10,flap_split1#7,UNBOUND
503,0.503,B,notify,flap_controller2_bus,flap_split1,32,RequestService,flap_split1#7,,CANCEL,
503,0.503,D,respond,flap_controller2_bus,flap_split1,0,RequestCancel,flap_split1#10,flap_split1#7,,ACCEPTED_SERVICING
503,0.503,B,notify,flap_bus1,flap_controller2,65,RequestService,flap_controller2#1,,SERVICE,
